nbagents;nbtokens;nbhops;cpudata;total_time;internal_time
2;2;2;[39.4, 0.0, 32.8, 0.0, 32.4, 0.6, 20.7, 0.6, 19.7, 0.0, 19.9, 0.6];1745.4330921173096;4
2;2;4;[32.5, 0.0, 29.8, 1.3, 34.4, 0.0, 27.2, 0.0, 21.1, 0.7, 12.0, 0.0];1507.9638957977295;4
2;4;2;[38.0, 1.3, 31.3, 0.0, 26.8, 0.7, 22.8, 0.0, 23.3, 0.0, 10.7, 0.7];1491.5399551391602;4
2;4;4;[37.8, 0.0, 33.6, 0.0, 24.8, 0.0, 25.0, 0.7, 27.5, 0.0, 11.5, 0.0];1488.8629913330078;4
4;2;2;[40.0, 0.0, 37.2, 0.0, 25.0, 0.0, 22.7, 0.0, 22.8, 0.7, 12.7, 0.0];1489.762783050537;3
4;2;4;[34.5, 0.0, 38.3, 0.0, 26.2, 0.0, 22.8, 0.0, 29.5, 0.0, 8.1, 0.7];1488.016128540039;4
4;4;2;[40.7, 1.3, 34.2, 1.3, 33.6, 0.0, 20.3, 0.0, 25.3, 0.0, 10.7, 0.0];1494.9250221252441;6
4;4;4;[44.0, 0.0, 35.3, 0.0, 29.5, 0.0, 24.5, 0.0, 19.3, 0.0, 9.4, 0.0];1495.3079223632812;4
