nbagents;nbtokens;nbhops;cpudata;total_time;internal_time
2;2;2;[59.4, 1.9, 49.1, 1.9, 48.1, 0.9, 28.6, 0.9, 33.0, 0.0, 22.6, 0.9];1061.2757205963135;25
2;2;2;[49.1, 1.9, 46.3, 1.9, 39.4, 0.9, 43.5, 1.9, 41.3, 0.9, 32.1, 0.9];1077.725887298584;28
2;2;4;[50.5, 1.8, 44.5, 0.9, 41.3, 1.8, 39.1, 0.9, 41.7, 0.9, 28.7, 0.9];1092.127799987793;19
