nbagents;nbtokens;nbhops;cpudata;total_time;internal_time
2;2;2;[57.4, 4.7, 56.5, 3.7, 52.8, 3.7, 51.9, 1.9, 54.6, 2.8, 44.4, 2.8];1082.252025604248;19
2;2;4;[56.2, 4.8, 54.8, 2.9, 50.0, 2.9, 49.5, 1.9, 47.1, 1.9, 52.4, 1.0];1034.7249507904053;20
2;4;2;[56.0, 4.5, 49.5, 3.6, 53.6, 1.8, 53.2, 2.7, 54.5, 1.8, 45.5, 1.8];1103.309154510498;21
2;4;4;[55.3, 5.3, 52.7, 2.7, 46.0, 2.7, 48.7, 1.8, 49.6, 1.8, 44.2, 0.9];1127.4688243865967;28
4;2;2;[54.7, 5.6, 52.8, 5.6, 53.8, 3.7, 53.8, 2.8, 52.8, 2.8, 41.7, 1.9];1067.5580501556396;15
4;2;4;[47.6, 4.8, 53.3, 4.8, 61.9, 3.8, 51.0, 1.9, 52.4, 1.9, 40.4, 2.9];1047.334909439087;16
4;4;2;[52.8, 6.6, 57.5, 4.7, 53.8, 4.7, 51.4, 3.7, 51.9, 1.9, 42.3, 1.9];1058.3381652832031;16
4;4;4;[59.8, 5.6, 54.2, 4.7, 50.5, 4.7, 51.4, 1.9, 43.9, 2.8, 48.1, 1.9];1068.415880203247;18
