nbagents;nbtokens;nbhops;cpudata;total_time;internal_time
2;2;2;[60.9, 3.6, 69.7, 2.5, 72.4, 1.5, 66.1, 1.0, 64.2, 0.8, 58.9, 0.8];6091.1760330200195;16
2;2;4;[67.4, 3.3, 66.2, 2.3, 68.7, 1.8, 66.0, 1.3, 64.2, 1.0, 59.9, 0.5];6035.81690788269;16
2;4;2;[62.2, 3.3, 66.4, 2.0, 71.4, 1.8, 66.6, 1.2, 65.4, 0.5, 57.1, 0.7];5984.291076660156;15
2;4;4;[65.1, 4.0, 67.7, 2.5, 69.4, 1.8, 67.1, 1.0, 67.5, 0.8, 55.2, 0.8];6048.4960079193115;18
4;2;2;[59.4, 3.6, 69.1, 2.5, 69.0, 2.0, 65.5, 1.3, 67.8, 1.0, 61.9, 1.1];6098.026990890503;15
4;2;4;[61.7, 3.4, 64.6, 2.3, 69.4, 2.0, 68.5, 1.3, 68.7, 1.1, 59.6, 1.0];6143.885135650635;15
4;4;2;[62.0, 4.3, 66.2, 2.2, 67.5, 1.7, 65.6, 1.2, 69.7, 1.0, 58.3, 1.0];6046.470165252686;17
4;4;4;[65.1, 3.5, 67.9, 3.0, 69.7, 1.8, 67.5, 1.8, 69.4, 1.3, 56.0, 0.8];6076.582193374634;19
