nbagents;nbtokens;nbconsumptions;cpudata;total_time;internal_time
10;1;1;[74.9, 16.0, 73.3, 12.8, 74.1, 11.6, 75.8, 12.0, 79.4, 11.1, 76.0, 9.9];2425.5149364471436;1969
10;1;1;[74.9, 14.9, 76.2, 12.3, 75.9, 13.1, 76.7, 11.4, 79.4, 11.5, 78.6, 10.5];2277.9030799865723;1954
10;1;10;[80.1, 22.2, 80.1, 17.4, 80.8, 18.1, 81.2, 18.8, 84.2, 19.9, 83.0, 19.2];2656.9881439208984;2331
