nbagents;nbtokens;nbhops;cpudata;total_time;internal_time
2;2;2;[42.9, 0.0, 42.9, 4.5, 33.3, 0.0, 36.4, 0.0, 28.6, 0.0, 14.3, 0.0];210.71195602416992;11
2;2;4;[50.0, 0.0, 40.0, 0.0, 45.0, 0.0, 25.0, 0.0, 23.8, 0.0, 9.5, 0.0];207.05795288085938;12
2;4;2;[50.0, 0.0, 46.2, 4.0, 44.0, 0.0, 32.0, 0.0, 28.0, 4.0, 20.0, 0.0];246.72818183898926;18
2;4;4;[42.9, 0.0, 36.4, 0.0, 33.3, 0.0, 23.8, 0.0, 28.6, 0.0, 9.5, 0.0];216.22180938720703;16
4;2;2;[52.2, 0.0, 36.4, 0.0, 37.5, 4.2, 39.1, 0.0, 13.0, 0.0, 4.5, 0.0];228.01733016967773;11
4;2;4;[54.5, 8.3, 36.4, 0.0, 33.3, 0.0, 27.3, 0.0, 22.7, 0.0, 17.4, 0.0];223.6940860748291;12
4;4;2;[50.0, 0.0, 46.7, 0.0, 43.3, 0.0, 28.6, 3.3, 41.4, 0.0, 24.1, 0.0];292.5119400024414;20
4;4;4;[47.6, 0.0, 40.9, 0.0, 36.4, 0.0, 22.7, 0.0, 30.4, 0.0, 9.5, 0.0];218.61505508422852;14
