nbagents;nbtokens;nbconsumptions;cpudata;total_time;internal_time
10;1;1;[35.3, 1.1, 32.2, 0.6, 23.0, 0.0, 22.9, 0.0, 32.0, 0.6, 7.5, 0.0];1740.6260967254639;3
10;1;1;[43.1, 0.0, 37.1, 0.6, 32.4, 1.1, 27.0, 0.6, 33.5, 0.0, 22.4, 0.0];1738.1718158721924;3
10;1;10;[43.4, 1.1, 38.3, 0.6, 35.4, 0.6, 30.9, 1.1, 33.0, 0.6, 21.7, 0.6];1751.7409324645996;9
10;1;10;[42.4, 1.1, 39.0, 1.1, 37.9, 0.6, 38.2, 0.0, 34.7, 0.6, 28.8, 1.1];1769.214153289795;8
