nbagents;nbtokens;nbhops;cpudata;total_time;internal_time
2;2;2;[55.4, 1.7, 54.5, 1.6, 56.7, 1.7, 51.7, 3.3, 60.8, 0.0, 48.3, 0.8];1206.751823425293;11
2;2;4;[54.9, 1.8, 48.7, 0.9, 49.6, 0.9, 55.3, 0.0, 50.0, 0.9, 51.8, 0.0];1133.866786956787;11
2;4;2;[56.7, 1.7, 52.1, 1.7, 54.6, 0.8, 57.1, 0.8, 47.1, 2.5, 55.5, 0.0];1190.8822059631348;13
2;4;4;[54.5, 2.5, 52.9, 1.7, 54.2, 0.8, 51.2, 1.7, 55.7, 0.8, 50.4, 0.8];1205.928087234497;12
4;2;2;[54.2, 2.5, 56.2, 1.7, 55.4, 1.7, 56.7, 1.7, 50.8, 0.8, 55.4, 0.8];1209.6266746520996;13
4;2;4;[55.4, 2.5, 57.0, 2.5, 62.8, 1.7, 53.3, 0.8, 59.5, 1.7, 43.0, 1.6];1208.6870670318604;14
4;4;2;[55.0, 1.7, 51.7, 0.8, 59.5, 0.8, 54.6, 0.8, 45.4, 0.8, 56.7, 0.0];1200.9260654449463;12
4;4;4;[54.6, 2.5, 56.7, 2.5, 56.7, 1.7, 57.5, 1.7, 62.0, 0.8, 46.2, 0.8];1202.2781372070312;14
